{
  "AWSTemplateFormatVersion": "2010-09-09",
  "Description": "{\"createdOn\":\"Windows\",\"createdBy\":\"Amplify\",\"createdWith\":\"12.13.0\",\"stackType\":\"function-Lambda\",\"metadata\":{\"whyContinueWithGen1\":\"\"}}",
  "Parameters": {
    "CloudWatchRule": {
      "Type": "String",
      "Default": "NONE",
      "Description": "Schedule Expression"
    },
    "deploymentBucketName": {
      "Type": "String"
    },
    "env": {
      "Type": "String"
    },
    "s3Key": {
      "Type": "String"
    },
    "storageTezBuildDataName": {
      "Type": "String",
      "Default": "storageTezBuildDataName"
    },
    "storageTezBuildDataArn": {
      "Type": "String",
      "Default": "storageTezBuildDataArn"
    },
    "storageTezBuildDataStreamArn": {
      "Type": "String",
      "Default": "storageTezBuildDataStreamArn"
    }
  },
  "Conditions": {
    "ShouldNotCreateEnvResources": {
      "Fn::Equals": [
        {
          "Ref": "env"
        },
        "NONE"
      ]
    }
  },
  "Resources": {
    "LambdaFunction": {
      "Type": "AWS::Lambda::Function",
      "Metadata": {
        "aws:asset:path": "./src",
        "aws:asset:property": "Code"
      },
      "Properties": {
        "Code": {
          "S3Bucket": {
            "Ref": "deploymentBucketName"
          },
          "S3Key": {
            "Ref": "s3Key"
          }
        },
        "Handler": "index.handler",
        "FunctionName": {
          "Fn::If": [
            "ShouldNotCreateEnvResources",
            "opensearch",
            {
              "Fn::Join": [
                "",
                [
                  "opensearch",
                  "-",
                  {
                    "Ref": "env"
                  }
                ]
              ]
            }
          ]
        },
        "Environment": {
          "Variables": {
            "ENV": {
              "Ref": "env"
            },
            "REGION": {
              "Ref": "AWS::Region"
            },
            "OPENSEARCHENDPOINT": {
              "Fn::ImportValue": {
                "Fn::Sub": "tezbuildopensearch-DomainEndpoint"
              }
            },
            "STORAGE_TEZBUILDDATA_NAME": {
              "Ref": "storageTezBuildDataName"
            },
            "STORAGE_TEZBUILDDATA_ARN": {
              "Ref": "storageTezBuildDataArn"
            },
            "STORAGE_TEZBUILDDATA_STREAMARN": {
              "Ref": "storageTezBuildDataStreamArn"
            }
          }
        },
        "Role": {
          "Fn::GetAtt": [
            "LambdaExecutionRole",
            "Arn"
          ]
        },
        "Runtime": "python3.8",
        "Layers": [],
        "Timeout": 25
      }
    },
    "LambdaExecutionRole": {
      "Type": "AWS::IAM::Role",
      "Properties": {
        "RoleName": {
          "Fn::If": [
            "ShouldNotCreateEnvResources",
            "tezbuildLambdaRolef0e68cf7",
            {
              "Fn::Join": [
                "",
                [
                  "tezbuildLambdaRolef0e68cf7",
                  "-",
                  {
                    "Ref": "env"
                  }
                ]
              ]
            }
          ]
        },
        "AssumeRolePolicyDocument": {
          "Version": "2012-10-17",
          "Statement": [
            {
              "Effect": "Allow",
              "Principal": {
                "Service": [
                  "lambda.amazonaws.com"
                ]
              },
              "Action": [
                "sts:AssumeRole"
              ]
            }
          ]
        },
        "Policies": [
          {
            "PolicyName": "LambdaAccessPolicy",
            "PolicyDocument": {
              "Version": "2012-10-17",
              "Statement": [
                {
                  "Effect": "Allow",
                  "Action": [
                    "logs:CreateLogGroup",
                    "logs:CreateLogStream",
                    "logs:PutLogEvents"
                  ],
                  "Resource": "arn:aws:logs:*:*:*"
                },
                {
                  "Effect": "Allow",
                  "Action": [
                    "es:ESHttpGet",
                    "es:ESHttpPost"
                  ],
                  "Resource": {
                    "Fn::ImportValue": {
                      "Fn::Sub": "tezbuildopensearch-Domainarn"
                    }
                  }
                },
                {
                  "Effect": "Allow",
                  "Action": [
                    "dynamodb:GetItem",
                    "dynamodb:Scan",
                    "dynamodb:Query"
                  ],
                  "Resource": "*"
                }
              ]
            }
          }
        ]
      }
    },
    "lambdaexecutionpolicy": {
      "DependsOn": [
        "LambdaExecutionRole"
      ],
      "Type": "AWS::IAM::Policy",
      "Properties": {
        "PolicyName": "lambda-execution-policy",
        "Roles": [
          {
            "Ref": "LambdaExecutionRole"
          }
        ],
        "PolicyDocument": {
          "Version": "2012-10-17",
          "Statement": [
            {
              "Effect": "Allow",
              "Action": [
                "logs:CreateLogGroup",
                "logs:CreateLogStream",
                "logs:PutLogEvents"
              ],
              "Resource": {
                "Fn::Sub": [
                  "arn:aws:logs:${region}:${account}:log-group:/aws/lambda/${lambda}:log-stream:*",
                  {
                    "region": {
                      "Ref": "AWS::Region"
                    },
                    "account": {
                      "Ref": "AWS::AccountId"
                    },
                    "lambda": {
                      "Ref": "LambdaFunction"
                    }
                  }
                ]
              }
            }
          ]
        }
      }
    },
    "AmplifyResourcesPolicy": {
      "DependsOn": [
        "LambdaExecutionRole"
      ],
      "Type": "AWS::IAM::Policy",
      "Properties": {
        "PolicyName": "amplify-lambda-execution-policy",
        "Roles": [
          {
            "Ref": "LambdaExecutionRole"
          }
        ],
        "PolicyDocument": {
          "Version": "2012-10-17",
          "Statement": [
            {
              "Effect": "Allow",
              "Action": [
                "dynamodb:Get*",
                "dynamodb:BatchGetItem",
                "dynamodb:List*",
                "dynamodb:Describe*",
                "dynamodb:Scan",
                "dynamodb:Query",
                "dynamodb:PartiQLSelect"
              ],
              "Resource": [
                {
                  "Ref": "storageTezBuildDataArn"
                },
                {
                  "Fn::Join": [
                    "/",
                    [
                      {
                        "Ref": "storageTezBuildDataArn"
                      },
                      "index/*"
                    ]
                  ]
                }
              ]
            }
          ]
        }
      }
    }
  },
  "Outputs": {
    "Name": {
      "Value": {
        "Ref": "LambdaFunction"
      }
    },
    "Arn": {
      "Value": {
        "Fn::GetAtt": [
          "LambdaFunction",
          "Arn"
        ]
      }
    },
    "Region": {
      "Value": {
        "Ref": "AWS::Region"
      }
    },
    "LambdaExecutionRole": {
      "Value": {
        "Ref": "LambdaExecutionRole"
      }
    },
    "LambdaExecutionRoleArn": {
      "Value": {
        "Fn::GetAtt": [
          "LambdaExecutionRole",
          "Arn"
        ]
      }
    }
  }
}